rec_epoch,batch,class_loss,cont_loss,loss
0,0,0.2062530368566513,0.20388446748256683,0.41013750433921814
