rec_epoch,batch,class_loss,cont_loss,loss
0,0,0.2063034623861313,0.23046435415744781,0.4367678165435791
