rec_epoch,batch,class_loss,cont_loss,loss
0,0,0.20608580112457275,0.23078322410583496,0.4368690252304077
