rec_epoch,batch,class_loss,cont_loss,loss
0,0,0.20626254379749298,0.2306784987449646,0.4369410276412964
