rec_epoch,batch,class_loss,cont_loss,loss
0,0,0.20607666671276093,0.23060567677021027,0.4366823434829712
