epoch,mmd_loss,dataset_gen_time,epoch_runtime
0,36.65055465698242,53.658907651901245,536.1169633865356
1,36.928070068359375,49.91613149642944,525.261265039444
